{"0.8573269128286847":{"user_id":7},"0.27895700710861737":{"user_id":7},"0.5390206302750873":{"user_id":7}}